USER1;user1@bestruncorp.onmicrosoft.com
USER2;user2@bestruncorp.onmicrosoft.com
USER3;user3@bestruncorp.onmicrosoft.com
USER4;user4@bestruncorp.onmicrosoft.com
USER5;user5@bestruncorp.onmicrosoft.com
USER6;user6@bestruncorp.onmicrosoft.com
USER7;user7@bestruncorp.onmicrosoft.com
USER8;user8@bestruncorp.onmicrosoft.com
USER9;user9@bestruncorp.onmicrosoft.com
USER10;user10@bestruncorp.onmicrosoft.com
USER11;user11@bestruncorp.onmicrosoft.com
USER12;user12@bestruncorp.onmicrosoft.com
USER13;user13@bestruncorp.onmicrosoft.com
USER14;user14@bestruncorp.onmicrosoft.com
USER15;user15@bestruncorp.onmicrosoft.com
USER16;user16@bestruncorp.onmicrosoft.com
USER17;user17@bestruncorp.onmicrosoft.com
USER18;user18@bestruncorp.onmicrosoft.com
USER19;user19@bestruncorp.onmicrosoft.com
USER20;user20@bestruncorp.onmicrosoft.com
USER21;user21@bestruncorp.onmicrosoft.com
USER22;user22@bestruncorp.onmicrosoft.com
USER23;user23@bestruncorp.onmicrosoft.com
USER24;user24@bestruncorp.onmicrosoft.com
USER25;user25@bestruncorp.onmicrosoft.com
USER26;user26@bestruncorp.onmicrosoft.com
USER27;user27@bestruncorp.onmicrosoft.com
USER28;user28@bestruncorp.onmicrosoft.com
USER29;user29@bestruncorp.onmicrosoft.com
USER30;user30@bestruncorp.onmicrosoft.com
USER31;user31@bestruncorp.onmicrosoft.com
USER32;user32@bestruncorp.onmicrosoft.com
USER33;user33@bestruncorp.onmicrosoft.com
USER34;user34@bestruncorp.onmicrosoft.com
USER35;user35@bestruncorp.onmicrosoft.com
USER36;user36@bestruncorp.onmicrosoft.com
USER37;user37@bestruncorp.onmicrosoft.com
USER38;user38@bestruncorp.onmicrosoft.com
USER39;user39@bestruncorp.onmicrosoft.com
USER40;user40@bestruncorp.onmicrosoft.com
USER41;user41@bestruncorp.onmicrosoft.com
USER42;user42@bestruncorp.onmicrosoft.com
USER43;user43@bestruncorp.onmicrosoft.com
USER44;user44@bestruncorp.onmicrosoft.com
USER45;user45@bestruncorp.onmicrosoft.com
USER46;user46@bestruncorp.onmicrosoft.com
USER47;user47@bestruncorp.onmicrosoft.com
USER48;user48@bestruncorp.onmicrosoft.com
USER49;user49@bestruncorp.onmicrosoft.com
USER50;user50@bestruncorp.onmicrosoft.com
USER51;user51@bestruncorp.onmicrosoft.com
USER52;user52@bestruncorp.onmicrosoft.com
USER53;user53@bestruncorp.onmicrosoft.com
USER54;user54@bestruncorp.onmicrosoft.com
USER55;user55@bestruncorp.onmicrosoft.com
USER56;user56@bestruncorp.onmicrosoft.com
USER57;user57@bestruncorp.onmicrosoft.com
USER58;user58@bestruncorp.onmicrosoft.com
USER59;user59@bestruncorp.onmicrosoft.com
USER60;user60@bestruncorp.onmicrosoft.com
USER61;user61@bestruncorp.onmicrosoft.com
USER62;user62@bestruncorp.onmicrosoft.com
USER63;user63@bestruncorp.onmicrosoft.com
USER64;user64@bestruncorp.onmicrosoft.com
USER65;user65@bestruncorp.onmicrosoft.com
USER66;user66@bestruncorp.onmicrosoft.com
USER67;user67@bestruncorp.onmicrosoft.com
USER68;user68@bestruncorp.onmicrosoft.com
USER69;user69@bestruncorp.onmicrosoft.com
USER70;user70@bestruncorp.onmicrosoft.com
USER71;user71@bestruncorp.onmicrosoft.com
USER72;user72@bestruncorp.onmicrosoft.com
USER73;user73@bestruncorp.onmicrosoft.com
USER74;user74@bestruncorp.onmicrosoft.com
USER75;user75@bestruncorp.onmicrosoft.com
USER76;user76@bestruncorp.onmicrosoft.com
USER77;user77@bestruncorp.onmicrosoft.com
USER78;user78@bestruncorp.onmicrosoft.com
USER79;user79@bestruncorp.onmicrosoft.com
USER80;user80@bestruncorp.onmicrosoft.com
